,workflow,N,T,time,seed
0,real_data,100,20,243.63532900810242,1
0,real_data,100,20,195.6046257019043,2
0,real_data,100,20,299.8056194782257,3
0,real_data,100,20,367.0479242801666,4
0,real_data,100,20,354.55568194389343,5
0,real_data,100,20,349.6770353317261,6
0,real_data,100,20,339.8769791126251,7
0,real_data,100,20,354.0017831325531,8
0,real_data,100,20,349.2424590587616,9
0,real_data,100,20,381.97040152549744,10
